period,team,type,x_start,y_start,x_end,y_end
1,South Korea,Pass,60.0,40.0,39.9,29.0
1,South Korea,Pass,39.7,30.0,31.9,16.7
1,South Korea,Pass,37.4,8.9,49.8,3.6
1,South Korea,Pass,42.1,3.4,31.5,3.6
1,South Korea,Pass,30.6,4.1,57.7,11.7
1,South Korea,Pass,57.6,21.3,51.0,9.6
1,South Korea,Pass,62.1,10.3,69.4,31.1
1,South Korea,Pass,70.1,33.0,65.5,28.3
1,South Korea,Pass,65.1,29.3,64.7,37.9
1,South Korea,Pass,63.7,38.0,47.2,57.2
1,South Korea,Pass,48.1,59.3,52.1,70.1
1,South Korea,Pass,52.2,69.6,35.3,61.7
1,South Korea,Pass,33.9,59.4,36.7,8.9
1,South Korea,Pass,43.5,9.9,54.9,13.5
1,South Korea,Pass,55.3,14.9,45.2,6.2
1,South Korea,Pass,46.0,8.0,11.3,27.5
1,South Korea,Pass,14.5,28.3,20.4,6.4
1,South Korea,Pass,33.4,3.1,29.1,10.3
1,South Korea,Pass,28.3,12.8,39.2,2.3
1,South Korea,Pass,39.5,2.3,83.3,12.2
1,South Korea,Pass,93.5,28.2,113.0,70.8
1,South Korea,Pass,112.3,71.3,99.4,72.2
1,South Korea,Pass,98.0,72.3,91.5,66.0
1,South Korea,Pass,92.0,67.5,102.2,64.0
1,Portugal,Pass,17.5,16.1,24.8,17.3
1,Portugal,Pass,19.3,16.6,34.6,69.1
1,Portugal,Pass,30.9,69.8,21.7,31.2
1,Portugal,Pass,27.6,27.4,33.0,19.1
1,Portugal,Pass,36.8,16.6,46.8,10.5
1,Portugal,Pass,46.9,9.6,35.0,13.0
1,Portugal,Pass,32.8,14.2,33.2,46.7
1,Portugal,Pass,38.1,50.8,33.7,74.7
1,Portugal,Pass,36.8,74.9,44.7,59.7
1,Portugal,Pass,43.8,57.8,42.8,28.9
1,Portugal,Pass,56.1,19.4,77.0,7.9
1,Portugal,Pass,77.3,6.5,76.6,17.0
1,Portugal,Pass,75.7,15.8,62.9,9.1
1,Portugal,Pass,61.5,8.6,43.5,13.8
1,Portugal,Pass,42.8,15.1,38.6,45.0
1,Portugal,Pass,42.8,53.7,48.9,25.6
1,Portugal,Pass,50.1,22.4,41.0,30.3
1,Portugal,Pass,39.9,31.7,49.7,22.6
1,Portugal,Pass,57.0,14.1,40.0,21.5
1,Portugal,Pass,39.1,22.5,50.4,13.0
1,Portugal,Pass,53.6,12.0,70.8,6.4
1,Portugal,Pass,66.2,10.6,58.0,12.3
1,Portugal,Pass,45.5,12.6,36.0,24.5
1,Portugal,Pass,31.6,29.4,35.3,68.3
1,Portugal,Pass,44.7,75.7,53.2,76.7
1,Portugal,Pass,58.4,80.0,107.9,76.3
1,Portugal,Pass,112.3,76.3,104.7,76.5
1,Portugal,Pass,92.1,75.3,74.3,43.6
1,Portugal,Pass,77.0,40.3,93.5,12.4
1,Portugal,Pass,93.1,10.0,92.7,20.1
1,Portugal,Pass,89.2,13.3,68.3,41.3
1,Portugal,Pass,65.8,46.0,89.9,76.7
1,Portugal,Pass,91.3,77.1,115.9,37.5
1,South Korea,Pass,10.1,38.8,33.3,7.2
1,South Korea,Pass,33.4,7.3,40.2,3.4
1,South Korea,Pass,35.5,4.1,15.1,9.9
1,South Korea,Pass,17.3,11.7,5.3,37.4
1,South Korea,Pass,6.8,43.9,11.7,71.3
1,South Korea,Pass,12.2,71.7,7.1,45.7
1,South Korea,Pass,24.8,24.6,28.0,28.3
1,South Korea,Pass,29.7,28.6,73.6,44.2
1,South Korea,Pass,74.7,45.1,120.0,56.2
1,Portugal,Pass,7.0,36.1,29.0,52.3
1,Portugal,Pass,29.1,51.9,38.5,11.9
1,Portugal,Pass,48.3,8.4,50.5,18.3
1,Portugal,Pass,47.7,16.2,45.5,8.4
1,Portugal,Pass,43.7,10.6,22.1,24.2
1,Portugal,Pass,20.7,27.1,27.7,60.4
1,Portugal,Pass,38.6,66.2,98.3,77.9
1,Portugal,Pass,117.5,55.5,113.6,47.0
1,South Korea,Pass,60.0,40.0,34.7,15.0
1,South Korea,Pass,35.3,17.7,35.1,34.6
1,South Korea,Pass,36.0,38.3,88.3,24.7
1,South Korea,Pass,89.2,24.6,93.2,27.5
1,South Korea,Pass,113.9,7.8,101.5,3.8
1,South Korea,Pass,99.7,3.0,79.2,6.2
1,South Korea,Pass,79.2,7.1,84.5,4.0
1,South Korea,Pass,86.5,3.6,98.3,3.4
1,South Korea,Pass,99.0,2.2,101.5,5.5
1,South Korea,Pass,84.8,13.6,84.5,2.3
1,South Korea,Pass,84.5,3.1,67.7,7.6
1,South Korea,Pass,60.7,10.8,48.0,56.2
1,South Korea,Pass,49.8,58.0,24.2,38.4
1,South Korea,Pass,25.6,31.8,38.9,8.0
1,South Korea,Pass,44.8,7.2,21.5,34.2
1,South Korea,Pass,19.3,45.6,27.3,62.2
1,South Korea,Pass,27.7,62.6,32.7,52.0
1,South Korea,Pass,33.9,53.4,27.4,64.0
1,South Korea,Pass,26.0,65.3,38.3,72.6
1,South Korea,Pass,39.3,72.3,37.9,58.0
1,South Korea,Pass,38.5,60.0,86.6,73.7
1,South Korea,Pass,92.8,80.0,99.4,68.7
1,South Korea,Pass,99.4,69.4,86.1,73.3
1,South Korea,Pass,88.9,72.9,96.6,73.6
1,South Korea,Pass,96.4,73.7,99.8,65.3
1,South Korea,Pass,99.9,55.4,88.9,43.5
1,South Korea,Pass,87.9,37.4,106.1,17.8
1,South Korea,Pass,107.6,19.0,107.5,28.3
1,Portugal,Pass,7.0,44.1,6.4,30.8
1,Portugal,Pass,7.4,28.1,4.2,44.6
1,Portugal,Pass,9.4,47.6,107.2,29.2
1,South Korea,Pass,15.4,42.3,17.8,20.9
1,South Korea,Pass,25.6,9.9,9.1,35.2
1,South Korea,Pass,10.8,36.0,24.2,3.8
1,South Korea,Pass,34.4,5.0,76.3,71.5
1,South Korea,Pass,79.6,74.7,104.3,68.9
1,South Korea,Pass,111.8,72.7,93.8,70.3
1,South Korea,Pass,93.9,70.9,107.6,44.9
1,South Korea,Pass,84.7,65.7,95.2,69.9
1,South Korea,Pass,95.2,70.8,92.8,62.6
1,South Korea,Pass,92.5,63.9,90.6,70.8
1,South Korea,Pass,91.4,70.9,80.2,65.3
1,South Korea,Pass,80.2,65.9,78.7,73.6
1,South Korea,Pass,73.3,72.7,99.0,13.6
1,South Korea,Pass,99.2,15.3,112.3,33.4
1,Portugal,Pass,10.8,45.0,22.5,19.8
1,Portugal,Pass,26.9,17.3,14.4,28.8
1,Portugal,Pass,14.7,32.0,37.0,76.7
1,Portugal,Pass,38.5,75.6,66.1,51.5
1,South Korea,Pass,54.0,28.6,66.3,31.8
1,South Korea,Pass,66.5,34.1,79.2,47.7
1,South Korea,Pass,79.2,49.8,66.8,45.3
1,South Korea,Pass,68.2,49.3,94.6,0.2
1,Portugal,Pass,8.8,80.0,27.2,77.1
1,Portugal,Pass,28.1,76.3,55.7,73.3
1,South Korea,Pass,64.4,6.8,43.0,17.3
1,South Korea,Pass,39.9,20.1,12.3,29.3
1,South Korea,Pass,11.9,27.8,28.7,17.4
1,South Korea,Pass,28.8,17.8,8.9,23.3
1,South Korea,Pass,10.8,22.3,38.5,5.4
1,South Korea,Pass,63.1,6.8,81.9,57.5
1,Portugal,Pass,39.5,28.8,80.8,13.8
1,South Korea,Pass,39.3,66.3,15.1,50.3
1,South Korea,Pass,17.6,42.1,28.0,50.7
1,South Korea,Pass,38.5,56.3,89.9,61.2
1,Portugal,Pass,29.8,23.5,40.9,34.0
1,Portugal,Pass,41.3,35.0,26.6,49.9
1,Portugal,Pass,23.9,53.6,33.2,71.2
1,Portugal,Pass,35.6,73.5,29.4,67.9
1,Portugal,Pass,29.5,65.6,32.8,17.6
1,Portugal,Pass,52.4,14.8,64.3,17.0
1,Portugal,Pass,64.0,15.2,51.1,13.7
1,Portugal,Pass,48.7,11.9,14.8,32.4
1,Portugal,Pass,13.9,35.4,21.6,53.3
1,Portugal,Pass,22.1,56.1,27.6,45.3
1,Portugal,Pass,26.2,41.0,31.2,16.9
1,Portugal,Pass,41.3,10.5,51.0,6.4
1,Portugal,Pass,55.7,5.7,51.5,7.0
1,Portugal,Pass,52.9,7.2,44.2,9.1
1,Portugal,Pass,44.1,10.2,38.6,27.1
1,Portugal,Pass,38.2,39.3,46.9,73.9
1,Portugal,Pass,47.9,76.3,63.0,77.0
1,Portugal,Pass,64.3,77.4,51.4,76.5
1,Portugal,Pass,51.4,75.6,39.9,72.8
1,Portugal,Pass,43.8,70.2,50.7,67.9
1,Portugal,Pass,51.1,66.5,51.9,75.3
1,Portugal,Pass,51.4,76.7,38.5,70.7
1,Portugal,Pass,42.7,67.4,86.2,11.6
1,Portugal,Pass,86.2,9.2,120.0,22.1
1,South Korea,Pass,6.0,44.0,12.7,54.0
1,South Korea,Pass,12.9,59.8,13.3,71.7
1,Portugal,Pass,105.0,6.5,102.2,17.5
1,South Korea,Pass,21.0,60.4,33.0,66.0
1,South Korea,Pass,33.0,72.9,44.5,68.2
1,South Korea,Pass,49.0,69.1,53.0,68.2
1,Portugal,Pass,62.4,0.1,33.7,7.8
1,Portugal,Pass,31.6,10.7,26.9,33.1
1,Portugal,Pass,31.6,43.6,36.0,70.5
1,Portugal,Pass,42.7,74.6,39.2,27.1
1,Portugal,Pass,39.1,26.3,50.7,27.7
1,Portugal,Pass,55.2,28.4,52.4,43.5
1,Portugal,Pass,53.2,44.9,49.6,71.6
1,Portugal,Pass,50.7,76.1,56.0,64.8
1,Portugal,Pass,55.7,63.7,50.7,74.2
1,Portugal,Pass,50.5,74.6,61.9,77.9
1,Portugal,Pass,60.5,78.1,50.1,76.5
1,Portugal,Pass,49.3,76.3,57.1,74.6
1,Portugal,Pass,57.5,74.2,48.6,74.7
1,Portugal,Pass,48.7,73.9,38.6,70.5
1,Portugal,Pass,40.5,68.4,44.7,22.4
1,Portugal,Pass,56.1,17.6,66.1,7.5
1,Portugal,Pass,55.6,9.1,32.3,11.4
1,Portugal,Pass,32.8,12.4,44.2,8.4
1,Portugal,Pass,43.3,7.9,27.2,15.5
1,Portugal,Pass,26.6,16.9,7.1,37.6
1,Portugal,Pass,7.4,41.3,18.6,48.3
1,Portugal,Pass,20.2,51.5,34.0,61.4
1,Portugal,Pass,42.0,71.6,91.0,9.8
1,Portugal,Pass,103.2,6.8,75.3,17.3
1,Portugal,Pass,68.7,17.0,70.7,36.4
1,Portugal,Pass,71.7,41.3,54.7,45.9
1,Portugal,Pass,55.7,46.3,92.1,8.2
1,South Korea,Pass,26.4,63.9,90.3,63.6
1,South Korea,Pass,102.2,72.6,87.9,72.6
1,South Korea,Pass,81.3,71.9,75.6,67.5
1,South Korea,Pass,75.0,57.5,100.6,6.2
1,South Korea,Pass,89.3,16.3,84.3,25.5
1,South Korea,Pass,84.3,27.2,93.9,24.0
1,South Korea,Pass,94.2,22.5,86.5,14.5
1,South Korea,Pass,86.4,12.2,110.4,20.4
1,South Korea,Pass,120.0,0.1,93.4,8.5
1,South Korea,Pass,93.4,8.7,105.2,3.5
1,South Korea,Pass,103.4,3.1,111.1,32.0
1,Portugal,Pass,4.3,37.1,9.0,28.8
1,Portugal,Pass,7.6,27.5,23.0,33.0
1,Portugal,Pass,22.3,31.6,20.7,9.1
1,Portugal,Pass,22.5,6.8,76.7,10.2
1,Portugal,Pass,68.0,0.1,40.6,7.5
1,Portugal,Pass,40.6,10.6,36.7,43.2
1,Portugal,Pass,37.7,46.4,46.5,51.9
1,Portugal,Pass,46.8,51.1,34.9,46.7
1,Portugal,Pass,34.9,45.0,38.8,32.7
1,Portugal,Pass,37.8,47.1,35.6,68.0
1,Portugal,Pass,33.2,69.3,8.8,42.2
1,Portugal,Pass,5.6,46.9,70.1,57.8
1,South Korea,Pass,50.0,22.3,77.8,33.8
1,Portugal,Pass,42.3,46.3,74.8,0.1
1,South Korea,Pass,44.5,80.0,63.1,61.7
1,South Korea,Pass,57.1,62.2,36.0,56.2
1,South Korea,Pass,33.7,54.5,33.7,8.2
1,South Korea,Pass,34.8,7.8,46.3,7.1
1,South Korea,Pass,47.2,4.8,29.8,7.1
1,South Korea,Pass,29.7,8.6,57.7,3.8
1,South Korea,Pass,56.3,3.0,41.6,3.4
1,South Korea,Pass,39.5,3.4,22.9,13.9
1,South Korea,Pass,28.7,33.0,37.5,5.0
1,South Korea,Pass,30.6,4.8,7.1,41.1
1,South Korea,Pass,4.6,49.9,44.5,80.0
1,Portugal,Pass,72.2,0.1,50.1,12.8
1,Portugal,Pass,50.0,20.8,40.6,50.1
1,Portugal,Pass,41.3,57.6,48.7,42.7
1,Portugal,Pass,47.5,45.9,32.8,54.0
1,Portugal,Pass,29.0,46.4,2.4,46.3
1,Portugal,Pass,3.8,46.7,81.2,68.4
1,South Korea,Pass,38.9,11.7,49.8,19.0
1,South Korea,Pass,49.5,19.2,50.2,5.9
1,South Korea,Pass,56.1,2.7,48.0,5.8
1,South Korea,Pass,48.6,9.0,120.0,14.5
1,Portugal,Pass,7.0,36.1,87.1,8.4
1,South Korea,Pass,33.0,71.7,14.3,51.7
1,South Korea,Pass,15.5,37.3,19.6,19.5
1,South Korea,Pass,23.2,11.3,35.1,13.6
1,South Korea,Pass,38.8,11.0,46.6,32.5
1,South Korea,Pass,50.2,46.7,50.8,71.7
1,South Korea,Pass,52.1,74.0,64.7,68.2
1,South Korea,Pass,64.4,70.3,52.1,65.3
1,South Korea,Pass,57.1,58.2,90.6,3.4
1,South Korea,Pass,99.9,11.3,87.5,18.3
1,South Korea,Pass,87.5,19.1,99.2,3.4
1,South Korea,Pass,100.2,4.5,113.9,33.2
1,Portugal,Pass,5.6,76.0,21.8,73.9
1,South Korea,Pass,98.0,3.1,83.7,5.2
1,South Korea,Pass,83.8,6.4,80.6,15.9
1,South Korea,Pass,80.9,16.7,81.3,5.2
1,South Korea,Pass,80.6,5.5,81.0,15.0
1,South Korea,Pass,88.3,26.9,86.1,45.7
1,South Korea,Pass,84.3,51.6,72.2,21.3
1,South Korea,Pass,71.2,21.1,70.8,6.8
1,South Korea,Pass,70.4,4.8,92.9,4.1
1,South Korea,Pass,92.9,7.2,99.8,2.6
1,South Korea,Pass,99.9,3.0,89.7,3.8
1,South Korea,Pass,88.5,3.8,79.2,5.0
1,South Korea,Pass,79.2,5.9,83.8,17.8
1,South Korea,Pass,82.9,19.1,78.8,8.2
1,South Korea,Pass,75.9,9.9,69.0,55.4
1,South Korea,Pass,66.5,52.6,68.6,39.1
1,South Korea,Pass,64.7,39.8,48.4,64.0
1,South Korea,Pass,48.4,65.4,56.1,74.4
1,South Korea,Pass,55.3,74.7,27.8,71.9
1,South Korea,Pass,22.9,69.9,35.1,54.4
1,South Korea,Pass,42.5,59.6,97.1,5.2
1,Portugal,Pass,19.9,75.1,13.3,66.0
1,Portugal,Pass,13.3,65.6,59.6,34.3
1,South Korea,Pass,60.5,45.8,74.6,25.1
1,Portugal,Pass,45.5,55.0,38.2,40.7
1,Portugal,Pass,38.5,39.0,38.8,11.6
1,Portugal,Pass,40.0,14.1,41.4,26.7
1,Portugal,Pass,33.2,27.4,20.9,30.2
1,Portugal,Pass,25.5,27.4,20.3,55.5
1,Portugal,Pass,23.4,56.0,22.1,31.2
1,Portugal,Pass,21.6,31.2,31.4,13.3
1,Portugal,Pass,46.3,35.4,79.5,76.3
1,Portugal,Pass,97.7,70.2,112.3,7.0
1,Portugal,Pass,112.0,7.2,97.2,14.1
1,Portugal,Pass,96.0,15.6,114.2,44.5
1,Portugal,Pass,111.4,0.1,100.2,4.7
1,South Korea,Pass,17.3,80.0,37.4,70.5
1,Portugal,Pass,82.7,9.6,77.0,26.7
1,Portugal,Pass,76.2,27.1,51.9,26.6
1,Portugal,Pass,45.1,30.9,37.4,60.6
1,Portugal,Pass,37.4,63.7,40.3,48.7
1,Portugal,Pass,43.7,50.9,12.2,32.7
1,Portugal,Pass,11.5,31.7,23.1,24.5
1,Portugal,Pass,30.2,22.9,31.8,12.3
1,Portugal,Pass,32.2,10.0,27.7,21.5
1,Portugal,Pass,26.3,19.7,20.9,35.2
1,Portugal,Pass,26.2,51.3,33.0,72.1
1,Portugal,Pass,35.3,73.5,29.1,65.2
1,Portugal,Pass,29.1,63.7,42.7,16.9
1,Portugal,Pass,44.2,12.6,57.4,7.5
1,South Korea,Pass,62.3,80.0,83.8,68.7
1,South Korea,Pass,85.1,69.6,96.7,59.4
1,Portugal,Pass,18.9,32.0,5.7,57.4
1,Portugal,Pass,5.7,57.9,68.0,50.1
1,South Korea,Pass,52.1,30.0,70.5,36.9
1,South Korea,Pass,70.8,38.4,56.4,34.8
1,South Korea,Pass,56.3,36.6,55.8,70.3
1,South Korea,Pass,56.3,71.9,37.4,63.6
1,South Korea,Pass,37.8,61.7,43.9,49.5
1,South Korea,Pass,52.1,47.4,54.6,11.3
1,South Korea,Pass,55.3,10.0,63.5,4.5
1,South Korea,Pass,63.5,4.5,59.3,16.4
1,South Korea,Pass,56.8,17.3,64.0,4.8
1,South Korea,Pass,66.2,4.0,104.8,22.2
1,South Korea,Pass,104.4,22.2,102.0,6.8
1,South Korea,Pass,102.0,5.0,97.6,4.8
1,South Korea,Pass,98.5,2.7,79.6,5.4
1,South Korea,Pass,78.8,5.9,80.5,33.0
1,South Korea,Pass,84.9,46.5,109.4,32.2
1,South Korea,Pass,120.0,0.1,112.1,35.3
1,Portugal,Pass,61.0,40.1,35.4,55.0
1,Portugal,Pass,35.6,52.6,77.7,62.0
1,South Korea,Pass,76.8,17.3,64.5,21.5
1,South Korea,Pass,64.4,24.6,86.1,14.2
1,Portugal,Pass,34.0,65.9,41.0,62.7
1,Portugal,Pass,41.0,62.0,59.6,37.2
1,Portugal,Pass,59.4,36.6,53.9,38.2
1,Portugal,Pass,53.6,37.8,54.3,8.6
1,Portugal,Pass,46.5,8.4,34.6,11.0
1,Portugal,Pass,32.2,12.6,12.0,45.0
1,Portugal,Pass,12.2,44.6,54.7,59.5
1,Portugal,Pass,67.2,65.2,48.9,67.0
1,Portugal,Pass,50.5,57.9,56.1,29.5
1,Portugal,Pass,62.4,25.3,83.2,6.8
1,Portugal,Pass,83.4,6.1,76.3,24.5
1,Portugal,Pass,75.7,22.6,88.9,76.7
1,Portugal,Pass,87.1,77.1,77.3,73.9
1,Portugal,Pass,78.5,72.1,68.3,52.7
1,Portugal,Pass,75.2,59.2,75.9,73.0
1,Portugal,Pass,75.3,73.5,84.1,74.2
1,Portugal,Pass,70.6,77.0,53.2,64.6
1,Portugal,Pass,52.9,64.6,96.3,57.9
1,South Korea,Pass,26.2,21.1,92.1,15.5
1,South Korea,Pass,92.4,16.3,94.8,23.3
1,South Korea,Pass,85.7,6.8,77.3,14.2
1,South Korea,Pass,77.7,16.4,89.2,19.2
1,South Korea,Pass,89.6,19.1,75.6,17.7
1,South Korea,Pass,75.4,21.1,99.9,7.6
1,South Korea,Pass,94.2,0.1,73.8,4.8
1,South Korea,Pass,74.0,5.0,76.0,15.5
1,South Korea,Pass,73.1,15.0,49.3,7.3
1,South Korea,Pass,48.8,6.4,19.2,33.2
1,South Korea,Pass,24.3,36.5,84.1,57.2
1,South Korea,Pass,84.1,57.7,94.3,70.5
1,South Korea,Pass,90.3,71.9,80.6,72.9
1,South Korea,Pass,74.5,75.1,51.6,71.7
1,South Korea,Pass,50.4,72.9,54.0,54.5
1,South Korea,Pass,51.8,49.8,56.1,67.1
1,South Korea,Pass,55.7,69.1,64.0,71.5
1,Portugal,Pass,43.1,20.3,64.7,25.2
1,Portugal,Pass,64.0,24.3,57.0,22.4
1,Portugal,Pass,57.0,22.6,62.6,27.7
1,Portugal,Pass,62.4,27.1,56.8,34.0
1,Portugal,Pass,57.1,40.3,58.2,73.9
1,Portugal,Pass,75.9,75.7,67.5,70.9
1,Portugal,Pass,69.7,70.1,81.6,69.7
1,Portugal,Pass,81.2,68.8,72.0,70.1
1,Portugal,Pass,74.5,69.8,81.3,76.3
1,Portugal,Pass,81.8,77.1,66.1,72.5
1,Portugal,Pass,68.7,73.0,62.2,44.1
1,Portugal,Pass,63.0,42.1,65.1,14.4
1,Portugal,Pass,64.7,25.3,52.4,34.0
1,Portugal,Pass,51.5,35.8,53.9,59.0
1,Portugal,Pass,56.1,63.4,108.2,42.2
1,South Korea,Pass,13.1,38.8,13.3,20.4
1,South Korea,Pass,15.9,17.4,24.2,23.2
1,South Korea,Pass,30.2,21.1,40.6,23.6
1,South Korea,Pass,40.6,23.6,35.3,18.3
1,South Korea,Pass,36.0,16.9,33.9,30.0
1,South Korea,Pass,40.6,39.7,88.9,54.8
1,Portugal,Pass,31.6,28.5,47.9,28.9
1,Portugal,Pass,45.9,25.6,46.1,29.4
1,Portugal,Pass,48.3,21.2,93.1,0.1
1,South Korea,Pass,27.7,80.0,27.8,55.6
1,South Korea,Pass,27.4,51.3,89.2,39.3
1,Portugal,Pass,30.9,40.8,7.4,43.6
1,Portugal,Pass,8.0,42.2,44.1,10.6
1,Portugal,Pass,44.9,9.1,31.2,14.1
1,Portugal,Pass,36.8,13.3,57.0,18.0
1,Portugal,Pass,56.8,21.5,45.1,9.8
1,Portugal,Pass,44.2,7.2,34.9,10.5
1,Portugal,Pass,37.4,14.7,30.8,52.6
1,Portugal,Pass,54.7,70.5,58.7,60.0
1,Portugal,Pass,58.7,58.3,56.4,68.8
1,Portugal,Pass,54.7,63.7,46.1,26.3
1,Portugal,Pass,64.3,18.3,68.3,30.2
1,Portugal,Pass,64.8,27.7,62.2,21.2
1,Portugal,Pass,52.9,21.7,16.5,30.6
1,Portugal,Pass,15.4,36.6,88.2,64.8
1,Portugal,Pass,120.0,0.1,117.0,27.7
1,South Korea,Pass,10.1,35.6,37.5,7.2
1,South Korea,Pass,37.9,5.2,42.1,12.1
1,South Korea,Pass,43.1,13.6,34.8,51.2
1,South Korea,Pass,37.9,59.8,49.3,45.6
1,South Korea,Pass,51.8,48.4,56.8,69.1
1,South Korea,Pass,59.9,72.2,55.8,64.6
1,South Korea,Pass,57.2,56.2,53.2,37.0
1,South Korea,Pass,52.2,36.6,48.0,13.6
1,South Korea,Pass,56.3,8.6,63.5,30.4
1,South Korea,Pass,63.0,26.9,56.7,5.9
1,South Korea,Pass,57.7,4.5,53.5,15.9
1,South Korea,Pass,54.3,24.7,93.4,74.1
1,South Korea,Pass,93.4,75.0,99.9,51.3
1,Portugal,Pass,20.2,28.8,35.8,29.4
1,South Korea,Pass,92.5,33.4,98.4,9.0
1,South Korea,Pass,96.7,8.6,114.5,37.3
1,Portugal,Pass,12.9,38.6,30.0,38.6
1,Portugal,Pass,33.0,42.8,58.9,62.0
1,Portugal,Pass,57.1,61.4,45.1,66.0
1,Portugal,Pass,44.9,66.2,34.2,29.4
1,Portugal,Pass,43.5,35.0,44.7,58.3
1,Portugal,Pass,48.3,67.9,77.6,76.5
1,Portugal,Pass,103.7,77.8,107.2,51.8
1,Portugal,Pass,107.0,49.0,110.6,56.3
1,Portugal,Pass,96.5,75.3,102.9,77.8
1,Portugal,Pass,104.6,77.1,94.5,77.1
1,Portugal,Pass,93.1,76.1,64.3,69.7
1,Portugal,Pass,64.7,64.2,64.3,38.6
1,Portugal,Pass,64.7,35.8,69.3,18.0
1,Portugal,Pass,69.3,17.5,62.9,31.2
1,Portugal,Pass,63.8,35.4,58.9,60.2
1,Portugal,Pass,69.3,65.1,71.1,75.7
1,Portugal,Pass,71.1,75.7,64.0,71.2
1,Portugal,Pass,64.4,70.1,70.6,64.5
1,Portugal,Pass,71.3,63.7,69.9,75.3
1,Portugal,Pass,69.0,76.5,56.8,71.5
1,Portugal,Pass,57.5,69.5,65.1,56.1
1,Portugal,Pass,71.1,47.3,54.3,36.6
1,Portugal,Pass,57.0,31.7,61.0,18.0
1,Portugal,Pass,57.8,24.5,56.0,45.3
1,Portugal,Pass,57.4,49.1,78.4,50.1
1,Portugal,Pass,78.5,49.7,83.9,44.6
1,Portugal,Pass,83.9,43.2,87.6,52.9
1,Portugal,Pass,87.4,52.7,89.2,45.9
1,Portugal,Pass,88.6,44.9,116.9,56.9
1,South Korea,Pass,5.0,22.7,81.5,9.2
1,Portugal,Pass,38.6,70.9,39.2,66.5
1,Portugal,Pass,39.2,65.5,76.3,8.2
1,Portugal,Pass,74.5,0.1,92.1,26.3
1,South Korea,Pass,9.2,66.4,41.6,80.0
1,Portugal,Pass,79.8,0.1,88.1,7.8
1,Portugal,Pass,88.2,8.8,82.7,5.6
1,Portugal,Pass,82.3,5.4,88.1,9.6
1,South Korea,Pass,33.9,71.0,38.5,65.9
1,South Korea,Pass,54.0,61.4,76.6,73.3
1,South Korea,Pass,99.9,80.0,108.6,67.8
1,South Korea,Pass,108.3,67.7,101.6,80.0
1,Portugal,Pass,16.5,0.1,35.0,5.7
1,Portugal,Pass,33.8,7.0,43.2,36.1
1,Portugal,Pass,8.4,47.6,33.0,69.7
1,Portugal,Pass,36.8,68.8,51.0,77.0
1,Portugal,Pass,63.4,75.6,81.8,9.1
1,Portugal,Pass,94.5,16.2,87.4,24.9
1,Portugal,Pass,88.9,22.1,82.3,35.8
1,Portugal,Pass,83.6,39.0,79.8,31.6
1,Portugal,Pass,79.0,30.6,82.3,23.9
1,Portugal,Pass,84.4,22.1,101.9,7.5
1,Portugal,Pass,101.9,7.4,92.7,15.2
1,Portugal,Pass,89.0,14.7,88.1,28.9
1,Portugal,Pass,88.2,29.2,78.0,23.1
1,Portugal,Pass,78.0,24.5,84.0,63.2
1,South Korea,Pass,6.0,36.0,8.7,56.6
1,South Korea,Pass,22.2,65.4,38.9,74.1
1,Portugal,Pass,78.8,0.1,84.8,11.4
1,Portugal,Pass,84.1,10.5,79.8,6.8
1,Portugal,Pass,79.4,6.1,84.1,5.6
1,Portugal,Pass,93.2,12.6,102.5,6.0
1,Portugal,Pass,103.7,7.0,88.5,7.2
1,Portugal,Pass,85.7,8.8,74.1,71.2
1,Portugal,Pass,74.9,74.2,89.2,75.1
1,Portugal,Pass,109.6,69.1,109.3,46.9
1,South Korea,Pass,6.0,44.0,90.3,53.4
1,Portugal,Pass,29.8,26.7,8.5,29.5
1,Portugal,Pass,8.5,33.1,14.3,59.6
1,Portugal,Pass,21.7,67.4,34.6,76.7
1,Portugal,Pass,35.6,77.1,28.4,71.5
1,Portugal,Pass,37.4,69.5,29.4,32.7
1,Portugal,Pass,45.1,29.5,46.1,61.0
1,Portugal,Pass,48.6,65.5,43.5,43.6
1,Portugal,Pass,43.3,41.4,48.3,20.5
1,Portugal,Pass,45.1,20.5,51.1,33.0
1,Portugal,Pass,46.3,31.6,44.2,21.1
1,Portugal,Pass,44.9,14.2,43.3,29.5
1,Portugal,Pass,43.3,30.9,38.5,70.1
1,Portugal,Pass,39.1,71.9,63.4,76.7
1,Portugal,Pass,70.1,76.0,63.3,56.1
1,Portugal,Pass,63.4,56.1,66.1,61.6
1,Portugal,Pass,74.1,59.5,78.8,75.7
1,Portugal,Pass,78.1,76.0,114.4,60.6
1,South Korea,Pass,6.7,25.4,42.8,15.3
1,Portugal,Pass,75.2,73.3,94.5,76.5
1,Portugal,Pass,98.6,76.5,94.9,70.7
1,Portugal,Pass,101.5,60.2,94.6,53.2
1,Portugal,Pass,99.5,56.9,105.0,63.8
1,Portugal,Pass,105.8,63.7,106.0,46.9
1,South Korea,Pass,21.1,52.7,87.8,62.6
1,South Korea,Pass,87.9,63.2,99.8,59.4
1,South Korea,Pass,89.6,54.4,94.9,53.1
1,Portugal,Pass,18.3,42.5,11.5,68.4
1,South Korea,Pass,108.3,4.8,88.5,4.8
1,South Korea,Pass,88.5,6.2,96.0,19.0
1,South Korea,Pass,96.0,20.1,95.2,4.0
1,South Korea,Pass,92.1,5.2,120.0,52.7
1,Portugal,Pass,7.0,36.1,97.2,47.1
1,South Korea,Pass,22.9,33.0,33.4,30.6
1,Portugal,Pass,120.0,80.0,97.6,20.0
1,Portugal,Pass,94.1,17.4,84.7,23.4
1,Portugal,Pass,81.6,22.9,115.2,54.6
1,Portugal,Pass,117.5,57.4,115.9,41.8
1,South Korea,Pass,3.2,9.2,75.2,0.1
2,Portugal,Pass,60.0,40.0,45.0,39.5
2,Portugal,Pass,45.4,45.3,51.9,70.8
2,Portugal,Pass,51.0,71.5,30.6,65.3
2,Portugal,Pass,39.2,71.2,42.8,39.7
2,Portugal,Pass,63.6,40.2,73.0,52.5
2,Portugal,Pass,67.4,43.6,81.0,27.2
2,Portugal,Pass,81.0,24.1,96.4,7.1
2,Portugal,Pass,106.8,14.2,120.0,37.0
2,South Korea,Pass,7.0,44.1,6.3,26.7
2,South Korea,Pass,12.0,16.1,71.0,10.6
2,Portugal,Pass,49.1,69.5,55.5,54.5
2,Portugal,Pass,54.9,53.5,37.2,39.5
2,Portugal,Pass,18.7,23.5,28.9,37.0
2,Portugal,Pass,36.8,39.9,46.0,33.0
2,Portugal,Pass,50.1,30.7,65.4,2.7
2,Portugal,Pass,67.4,4.4,57.9,10.6
2,Portugal,Pass,56.9,19.8,57.3,44.9
2,Portugal,Pass,57.9,46.4,58.3,65.0
2,Portugal,Pass,62.6,66.5,99.6,46.9
2,South Korea,Pass,23.0,33.2,86.4,6.6
2,South Korea,Pass,86.4,6.6,99.7,12.6
2,Portugal,Pass,20.4,67.5,25.6,62.0
2,Portugal,Pass,25.6,62.0,74.6,68.5
2,South Korea,Pass,54.0,13.3,70.7,9.3
2,South Korea,Pass,70.7,9.3,63.5,3.4
2,South Korea,Pass,62.8,3.1,51.0,5.1
2,South Korea,Pass,51.0,5.4,78.9,8.3
2,Portugal,Pass,43.5,72.9,61.9,65.5
2,South Korea,Pass,58.0,14.6,89.8,27.7
2,Portugal,Pass,30.3,52.4,12.2,39.7
2,Portugal,Pass,12.9,37.2,27.6,15.9
2,Portugal,Pass,40.8,12.4,30.9,18.6
2,Portugal,Pass,31.7,20.3,40.8,56.6
2,Portugal,Pass,44.7,57.3,40.1,40.7
2,Portugal,Pass,46.0,38.7,54.2,18.3
2,Portugal,Pass,62.1,20.3,55.9,69.2
2,Portugal,Pass,61.9,58.3,57.2,42.6
2,Portugal,Pass,69.3,48.1,75.6,48.9
2,Portugal,Pass,75.6,48.9,72.6,49.1
2,Portugal,Pass,73.3,50.7,75.6,68.8
2,Portugal,Pass,75.3,61.7,57.2,56.1
2,Portugal,Pass,57.2,56.1,63.4,35.0
2,Portugal,Pass,77.4,24.5,93.1,2.2
2,Portugal,Pass,94.4,2.2,78.7,8.1
2,Portugal,Pass,73.0,12.9,63.1,38.0
2,Portugal,Pass,63.6,44.3,71.8,62.0
2,Portugal,Pass,71.8,62.0,56.6,52.4
2,Portugal,Pass,56.6,52.4,66.5,50.8
2,Portugal,Pass,66.1,50.4,52.7,51.8
2,Portugal,Pass,60.3,61.0,58.2,79.7
2,South Korea,Pass,62.9,0.1,51.0,7.6
2,South Korea,Pass,47.5,7.4,26.3,5.9
2,South Korea,Pass,25.0,6.1,12.8,33.5
2,South Korea,Pass,13.0,34.5,28.1,35.5
2,South Korea,Pass,26.0,35.5,6.1,32.7
2,South Korea,Pass,7.3,32.7,27.1,58.8
2,Portugal,Pass,82.8,21.1,94.4,17.9
2,Portugal,Pass,101.3,13.9,94.8,9.8
2,Portugal,Pass,94.8,9.8,104.6,25.1
2,South Korea,Pass,40.1,40.9,33.9,36.2
2,Portugal,Pass,86.2,43.9,93.7,40.2
2,Portugal,Pass,93.4,39.9,91.0,35.3
2,Portugal,Pass,92.4,36.4,91.1,40.2
2,Portugal,Pass,88.7,39.9,94.8,22.5
2,Portugal,Pass,101.3,21.5,107.1,12.6
2,Portugal,Pass,106.8,13.6,100.2,20.6
2,Portugal,Pass,94.1,3.9,91.0,7.8
2,Portugal,Pass,82.0,14.9,63.6,45.3
2,Portugal,Pass,62.8,49.1,70.3,72.9
2,Portugal,Pass,70.3,72.9,81.2,76.4
2,Portugal,Pass,80.2,76.4,68.8,75.0
2,Portugal,Pass,67.8,75.2,49.1,70.2
2,Portugal,Pass,45.7,74.0,12.5,45.9
2,Portugal,Pass,15.6,44.3,49.4,0.1
2,South Korea,Pass,49.8,80.0,56.7,66.2
2,South Korea,Pass,55.7,69.0,51.9,78.5
2,South Korea,Pass,51.9,78.5,100.2,53.2
2,Portugal,Pass,19.9,26.9,46.9,8.5
2,South Korea,Pass,73.2,71.6,74.1,63.3
2,South Korea,Pass,76.1,61.3,69.0,63.1
2,Portugal,Pass,53.2,16.9,69.1,5.7
2,Portugal,Pass,79.5,11.4,79.3,40.7
2,Portugal,Pass,93.1,55.1,98.4,51.1
2,Portugal,Pass,76.6,67.8,73.0,55.6
2,Portugal,Pass,76.3,53.4,68.2,23.1
2,Portugal,Pass,72.3,17.6,94.1,6.4
2,Portugal,Pass,97.1,12.1,91.0,15.9
2,Portugal,Pass,91.0,15.9,85.6,17.9
2,Portugal,Pass,85.6,17.9,92.7,10.8
2,Portugal,Pass,94.4,9.8,97.6,11.4
2,Portugal,Pass,86.9,10.4,82.0,5.0
2,Portugal,Pass,80.8,5.0,78.7,19.3
2,Portugal,Pass,74.7,20.6,59.3,37.4
2,Portugal,Pass,64.4,44.9,75.0,64.8
2,Portugal,Pass,76.6,66.0,61.1,62.6
2,Portugal,Pass,58.6,60.7,45.7,50.7
2,Portugal,Pass,45.0,50.4,56.9,69.8
2,Portugal,Pass,61.1,70.5,79.0,53.5
2,Portugal,Pass,52.4,32.0,72.6,2.2
2,Portugal,Pass,70.8,21.8,81.8,3.4
2,Portugal,Pass,100.3,11.1,89.4,19.6
2,Portugal,Pass,90.4,20.8,112.5,33.0
2,South Korea,Pass,15.1,41.9,29.7,76.4
2,South Korea,Pass,35.9,75.9,19.9,62.5
2,South Korea,Pass,16.1,56.7,18.2,15.6
2,South Korea,Pass,19.9,14.6,45.4,3.4
2,South Korea,Pass,50.6,3.7,93.5,17.1
2,South Korea,Pass,109.9,8.2,100.7,30.4
2,South Korea,Pass,100.2,26.0,100.2,31.7
2,Portugal,Pass,25.6,68.5,56.9,54.8
2,South Korea,Pass,52.3,5.4,28.4,16.8
2,South Korea,Pass,27.1,26.7,34.9,57.6
2,South Korea,Pass,34.9,57.6,39.6,53.3
2,South Korea,Pass,38.3,54.0,41.1,75.4
2,South Korea,Pass,41.1,75.4,37.6,68.7
2,South Korea,Pass,37.6,68.7,39.6,78.5
2,South Korea,Pass,39.6,78.5,29.9,61.3
2,South Korea,Pass,27.1,60.3,5.9,43.7
2,South Korea,Pass,7.6,41.2,23.7,0.4
2,Portugal,Pass,91.0,80.0,63.8,74.7
2,Portugal,Pass,63.6,73.5,60.1,49.1
2,Portugal,Pass,59.6,45.3,68.5,29.5
2,Portugal,Pass,71.8,28.0,86.6,1.6
2,Portugal,Pass,88.9,2.2,80.0,15.6
2,Portugal,Pass,79.0,16.9,65.1,44.9
2,Portugal,Pass,85.9,58.9,96.9,76.7
2,Portugal,Pass,103.3,73.7,110.5,38.9
2,Portugal,Pass,89.4,57.6,104.9,14.9
2,Portugal,Pass,115.3,18.8,115.3,47.4
2,Portugal,Pass,97.9,72.7,100.9,59.3
2,South Korea,Pass,24.3,15.8,35.2,22.5
2,South Korea,Pass,35.2,22.5,30.7,26.3
2,South Korea,Pass,31.2,29.7,45.8,45.1
2,South Korea,Pass,55.7,48.8,72.8,33.0
2,South Korea,Pass,72.8,33.0,104.5,54.7
2,South Korea,Pass,120.0,80.0,114.0,44.4
2,Portugal,Pass,6.0,36.0,8.0,58.0
2,Portugal,Pass,11.6,58.5,57.4,35.9
2,South Korea,Pass,62.7,44.2,75.1,28.0
2,South Korea,Pass,79.2,31.7,120.0,61.5
2,Portugal,Pass,6.0,36.0,10.5,60.0
2,Portugal,Pass,22.7,64.5,37.1,44.2
2,Portugal,Pass,40.2,42.5,51.1,2.9
2,Portugal,Pass,55.9,20.8,73.3,8.1
2,Portugal,Pass,73.9,7.1,64.1,12.9
2,Portugal,Pass,67.4,15.9,70.8,27.5
2,Portugal,Pass,67.8,27.2,54.4,39.5
2,Portugal,Pass,62.8,52.1,56.5,31.5
2,Portugal,Pass,61.3,26.9,71.1,14.9
2,Portugal,Pass,79.0,15.2,86.9,2.4
2,Portugal,Pass,86.6,7.7,80.8,17.0
2,Portugal,Pass,80.8,17.0,82.8,14.2
2,Portugal,Pass,79.7,18.3,82.5,16.3
2,Portugal,Pass,82.5,16.3,88.9,19.6
2,Portugal,Pass,88.2,19.6,79.5,13.1
2,Portugal,Pass,79.3,12.4,68.8,15.3
2,Portugal,Pass,62.8,21.1,55.5,46.6
2,Portugal,Pass,55.6,50.7,70.3,45.9
2,Portugal,Pass,79.3,43.5,94.8,5.4
2,Portugal,Pass,97.4,6.0,116.7,14.3
2,South Korea,Pass,21.2,76.7,46.1,77.4
2,Portugal,Pass,74.0,2.7,31.3,30.3
2,Portugal,Pass,33.0,33.0,40.9,40.7
2,Portugal,Pass,43.5,42.9,56.5,43.2
2,Portugal,Pass,62.1,50.4,56.9,69.8
2,Portugal,Pass,52.4,63.7,34.5,40.9
2,Portugal,Pass,34.5,40.7,39.8,20.8
2,Portugal,Pass,50.7,18.6,52.7,22.3
2,Portugal,Pass,54.9,24.5,97.4,71.8
2,Portugal,Pass,100.3,68.1,120.0,29.5
2,South Korea,Pass,7.0,44.1,5.3,25.0
2,South Korea,Pass,4.8,24.5,26.7,3.1
2,South Korea,Pass,32.6,6.6,23.7,20.5
2,South Korea,Pass,23.7,20.5,16.5,13.3
2,South Korea,Pass,17.5,12.9,51.0,37.2
2,Portugal,Pass,21.1,39.7,45.7,2.9
2,Portugal,Pass,52.7,2.2,58.6,4.2
2,Portugal,Pass,58.6,4.2,62.1,1.5
2,Portugal,Pass,68.1,0.1,75.6,2.9
2,Portugal,Pass,75.3,3.2,69.1,6.1
2,Portugal,Pass,67.5,7.8,62.6,26.5
2,Portugal,Pass,62.6,26.5,62.8,51.1
2,Portugal,Pass,68.1,52.5,92.7,77.0
2,Portugal,Pass,99.3,77.0,101.3,71.9
2,Portugal,Pass,98.9,80.0,84.9,60.7
2,Portugal,Pass,82.5,62.7,67.5,69.9
2,Portugal,Pass,67.5,69.9,69.3,55.8
2,Portugal,Pass,75.3,54.4,68.1,28.5
2,Portugal,Pass,69.3,28.8,80.2,22.8
2,Portugal,Pass,78.7,25.8,79.3,32.0
2,Portugal,Pass,87.2,48.9,81.5,61.6
2,Portugal,Pass,79.0,60.0,67.4,50.8
2,Portugal,Pass,67.4,50.8,57.3,38.2
2,Portugal,Pass,57.3,38.2,70.5,33.7
2,Portugal,Pass,67.5,36.4,60.3,49.8
2,Portugal,Pass,63.8,52.1,75.6,74.5
2,Portugal,Pass,74.6,74.7,65.1,60.0
2,Portugal,Pass,69.3,59.0,107.3,21.8
2,Portugal,Pass,111.8,22.3,104.6,37.0
2,Portugal,Pass,100.6,29.7,99.9,23.4
2,Portugal,Pass,100.3,24.1,96.9,29.7
2,Portugal,Pass,94.0,29.0,106.8,33.5
2,South Korea,Pass,12.3,48.1,25.3,59.3
2,Portugal,Pass,79.7,4.2,92.1,3.2
2,Portugal,Pass,92.0,19.6,107.8,21.3
2,South Korea,Pass,7.0,76.7,33.2,75.1
2,Portugal,Pass,89.4,1.2,70.8,1.9
2,Portugal,Pass,65.4,2.7,68.8,12.9
2,Portugal,Pass,76.0,30.5,98.9,5.4
2,Portugal,Pass,96.4,13.1,112.1,14.3
2,South Korea,Pass,39.1,80.0,62.9,75.1
2,South Korea,Pass,62.9,75.1,70.7,72.4
2,Portugal,Pass,49.4,7.7,52.9,1.5
2,Portugal,Pass,52.9,1.5,51.9,10.4
2,Portugal,Pass,52.1,9.4,39.5,35.4
2,Portugal,Pass,39.8,35.3,50.1,28.5
2,Portugal,Pass,47.0,33.3,51.0,58.9
2,Portugal,Pass,57.6,61.0,61.9,40.9
2,Portugal,Pass,68.1,34.7,83.9,21.1
2,Portugal,Pass,88.7,20.3,97.1,21.1
2,Portugal,Pass,97.1,21.1,104.0,4.7
2,Portugal,Pass,108.4,5.7,109.8,58.6
2,Portugal,Pass,109.5,58.6,109.5,52.1
2,Portugal,Pass,83.5,50.7,94.4,69.9
2,Portugal,Pass,94.4,69.9,93.0,62.3
2,Portugal,Pass,93.0,62.3,92.4,73.5
2,Portugal,Pass,92.7,73.5,84.9,64.5
2,Portugal,Pass,85.9,66.0,119.7,73.7
2,South Korea,Pass,7.0,36.1,99.3,10.9
2,South Korea,Pass,98.3,33.9,100.7,56.3
2,Portugal,Pass,11.5,35.0,20.8,19.6
2,Portugal,Pass,22.4,18.3,40.5,1.6
2,Portugal,Pass,40.1,1.6,32.3,11.6
2,Portugal,Pass,32.3,11.6,45.2,4.7
2,Portugal,Pass,58.9,7.1,51.7,29.0
2,Portugal,Pass,51.7,29.0,30.0,26.2
2,Portugal,Pass,33.3,30.3,46.3,26.1
2,Portugal,Pass,46.7,28.2,43.7,52.5
2,Portugal,Pass,52.1,51.1,46.0,24.5
2,Portugal,Pass,46.0,22.3,53.2,13.3
2,Portugal,Pass,53.2,13.3,61.6,7.7
2,Portugal,Pass,57.9,8.8,49.1,7.7
2,Portugal,Pass,31.7,14.3,8.2,38.7
2,Portugal,Pass,8.0,41.5,26.8,76.4
2,Portugal,Pass,25.1,67.5,40.9,58.3
2,South Korea,Pass,79.6,22.1,88.5,38.5
2,South Korea,Pass,83.0,77.7,100.0,62.5
2,Portugal,Pass,22.8,17.0,45.2,25.8
2,Portugal,Pass,44.5,29.7,38.1,33.0
2,Portugal,Pass,38.2,35.3,34.3,54.1
2,Portugal,Pass,37.1,57.6,90.7,68.1
2,Portugal,Pass,100.9,64.8,104.9,68.2
2,Portugal,Pass,104.0,67.2,82.9,69.9
2,Portugal,Pass,82.9,69.9,80.0,59.0
2,Portugal,Pass,81.0,59.0,88.7,53.8
2,Portugal,Pass,84.9,57.3,110.4,34.4
2,South Korea,Pass,16.2,45.8,83.8,58.3
2,Portugal,Pass,36.3,21.8,62.1,21.5
2,Portugal,Pass,62.1,21.5,68.5,24.8
2,Portugal,Pass,70.3,25.2,70.5,19.8
2,Portugal,Pass,77.4,20.8,81.8,28.8
2,South Korea,Pass,23.0,33.9,29.0,10.3
2,South Korea,Pass,28.1,9.2,13.8,35.8
2,South Korea,Pass,14.3,37.9,17.2,59.8
2,South Korea,Pass,17.9,61.3,31.2,78.2
2,South Korea,Pass,26.3,78.6,27.4,70.0
2,South Korea,Pass,27.4,70.0,21.7,76.2
2,South Korea,Pass,21.7,76.2,47.5,67.0
2,South Korea,Pass,40.1,68.5,18.8,34.5
2,South Korea,Pass,37.9,22.2,68.2,3.7
2,South Korea,Pass,83.3,37.2,101.4,9.9
2,South Korea,Pass,104.5,10.3,111.1,52.8
2,South Korea,Pass,120.0,80.0,111.6,44.8
2,Portugal,Pass,31.3,36.4,51.0,29.2
2,Portugal,Pass,66.5,38.7,81.5,53.4
2,South Korea,Pass,7.0,44.1,76.9,60.8
2,South Korea,Pass,76.9,60.8,93.5,63.1
2,Portugal,Pass,26.6,17.0,32.6,25.2
2,Portugal,Pass,6.0,36.0,82.5,58.0
2,South Korea,Pass,37.6,22.1,58.2,22.5
2,South Korea,Pass,54.3,11.6,45.5,3.1
2,South Korea,Pass,50.6,0.1,81.9,3.1
2,Portugal,Pass,34.8,75.4,40.8,69.8
2,Portugal,Pass,40.8,69.8,32.7,74.0
2,Portugal,Pass,37.2,76.7,86.6,59.0
2,Portugal,Pass,99.9,69.5,93.1,70.5
2,Portugal,Pass,93.1,70.5,93.0,63.0
2,Portugal,Pass,95.4,62.3,94.7,69.5
2,Portugal,Pass,94.1,73.2,85.6,68.5
2,Portugal,Pass,82.5,69.1,58.2,56.6
2,Portugal,Pass,58.2,60.0,97.4,70.8
2,Portugal,Pass,97.4,70.8,120.0,63.6
2,South Korea,Pass,7.0,36.1,6.9,24.3
2,South Korea,Pass,6.9,24.3,5.3,38.5
2,South Korea,Pass,6.1,43.4,8.6,22.1
2,South Korea,Pass,10.7,20.2,16.5,4.7
2,South Korea,Pass,17.5,4.1,62.5,12.0
2,Portugal,Pass,31.3,60.6,7.7,50.7
2,Portugal,Pass,8.4,50.1,21.7,50.4
2,Portugal,Pass,22.8,50.8,33.3,52.4
2,Portugal,Pass,35.0,48.4,28.9,8.4
2,Portugal,Pass,27.9,13.6,3.4,33.4
2,Portugal,Pass,3.0,32.7,46.3,64.0
2,Portugal,Pass,46.3,64.0,67.5,73.7
2,Portugal,Pass,93.0,63.6,104.0,66.0
2,Portugal,Pass,113.2,58.9,112.8,43.5
2,South Korea,Pass,9.0,25.0,44.8,41.2
2,South Korea,Pass,42.4,41.7,49.0,6.1
2,South Korea,Pass,44.5,6.1,33.5,7.4
2,South Korea,Pass,33.5,7.4,86.5,17.4
2,Portugal,Pass,31.7,72.5,39.5,58.9
2,Portugal,Pass,39.5,59.3,49.1,68.2
2,Portugal,Pass,52.7,69.8,67.8,70.8
2,Portugal,Pass,70.5,63.6,70.1,52.5
2,Portugal,Pass,71.3,51.1,92.1,64.0
2,South Korea,Pass,11.3,44.0,14.8,51.3
2,South Korea,Pass,28.1,22.8,12.8,43.7
2,South Korea,Pass,13.8,45.1,21.5,62.8
2,South Korea,Pass,23.2,63.8,84.8,69.3
2,Portugal,Pass,35.3,10.8,51.4,12.4
2,Portugal,Pass,56.9,0.1,68.5,11.1
2,Portugal,Pass,68.2,11.1,58.3,0.9
2,Portugal,Pass,57.2,1.9,69.5,14.3
2,Portugal,Pass,88.2,2.4,80.2,2.2
2,South Korea,Pass,35.6,77.7,11.0,50.6
2,South Korea,Pass,11.0,50.6,80.6,41.4
2,Portugal,Pass,70.5,17.6,103.6,19.0
2,Portugal,Pass,118.3,9.1,104.6,13.1
2,Portugal,Pass,103.9,14.9,111.5,36.7
2,South Korea,Pass,69.4,0.1,93.5,5.6
2,Portugal,Pass,26.6,74.5,50.4,66.8
2,South Korea,Pass,69.7,13.3,74.4,6.4
2,South Korea,Pass,74.4,6.4,100.7,32.5
2,Portugal,Pass,19.4,47.6,23.1,48.1
2,Portugal,Pass,23.5,48.4,95.8,17.3
2,Portugal,Pass,98.6,20.0,100.6,23.8
2,South Korea,Pass,20.2,56.7,43.1,35.9
2,South Korea,Pass,42.7,36.2,48.3,29.7
2,South Korea,Pass,49.0,30.0,85.1,37.5
2,Portugal,Pass,35.0,42.6,11.9,40.9
2,Portugal,Pass,11.2,41.2,58.9,57.6
2,South Korea,Pass,57.3,29.4,55.4,22.5
2,South Korea,Pass,55.7,11.3,64.5,8.9
2,South Korea,Pass,43.4,35.9,51.3,44.4
2,South Korea,Pass,53.0,44.8,73.8,67.7
2,South Korea,Pass,64.5,64.8,52.6,49.8
2,South Korea,Pass,52.3,43.7,61.9,27.3
2,South Korea,Pass,58.5,27.0,39.1,7.9
2,South Korea,Pass,38.9,7.9,49.0,19.5
2,South Korea,Pass,43.4,19.4,31.4,58.8
2,South Korea,Pass,39.3,60.3,52.6,76.4
2,South Korea,Pass,48.1,61.8,35.2,61.5
2,South Korea,Pass,34.9,57.3,42.4,23.8
2,South Korea,Pass,51.6,13.0,70.0,3.8
2,South Korea,Pass,68.2,9.9,44.1,10.9
2,South Korea,Pass,40.6,19.4,30.4,34.9
2,South Korea,Pass,29.1,36.9,16.2,64.2
2,South Korea,Pass,25.4,69.0,105.6,61.3
2,South Korea,Pass,74.1,76.9,99.4,55.9
2,Portugal,Pass,20.7,24.2,17.9,35.3
2,Portugal,Pass,17.9,35.3,46.4,3.9
2,Portugal,Pass,46.4,3.9,63.6,13.1
2,South Korea,Pass,56.5,67.0,66.7,68.7
2,South Korea,Pass,66.9,65.8,62.8,53.3
2,South Korea,Pass,63.5,57.6,55.7,68.7
2,South Korea,Pass,57.5,60.3,61.9,52.9
2,South Korea,Pass,61.9,52.9,38.6,38.2
2,South Korea,Pass,38.6,38.2,44.1,62.5
2,South Korea,Pass,45.8,62.5,63.9,73.0
2,South Korea,Pass,57.7,55.6,118.1,58.8
2,Portugal,Pass,7.0,35.0,10.5,53.8
2,Portugal,Pass,14.6,54.5,44.0,19.8
2,South Korea,Pass,76.1,60.3,87.5,77.7
2,Portugal,Pass,29.0,7.1,39.1,11.4
2,South Korea,Pass,81.0,68.7,83.6,72.3
2,South Korea,Pass,79.9,62.8,92.5,53.9
2,South Korea,Pass,93.0,53.3,101.0,58.3
2,Portugal,Pass,18.1,22.1,20.8,29.7
2,Portugal,Pass,20.8,29.7,25.4,22.3
2,Portugal,Pass,25.4,23.4,27.9,22.8
2,South Korea,Pass,110.2,66.5,111.1,64.1
2,South Korea,Pass,120.0,80.0,111.4,43.7
2,Portugal,Pass,17.2,76.3,61.9,34.7
2,Portugal,Pass,61.9,34.7,68.2,18.8
2,Portugal,Pass,80.2,25.5,97.6,22.5
2,Portugal,Pass,120.0,0.1,113.6,35.0
2,South Korea,Pass,22.7,35.8,81.3,0.1
2,Portugal,Pass,39.1,80.0,9.2,54.4
2,Portugal,Pass,10.2,54.8,56.5,20.0
2,Portugal,Pass,56.5,20.0,52.4,27.2
2,Portugal,Pass,52.4,27.2,55.5,15.9
2,Portugal,Pass,57.3,1.6,96.4,11.4
2,South Korea,Pass,16.8,72.3,31.9,77.4
2,South Korea,Pass,25.0,78.6,19.2,72.7
2,South Korea,Pass,19.2,72.7,18.8,77.4
2,South Korea,Pass,19.5,77.4,65.2,51.3
2,Portugal,Pass,54.9,28.8,75.7,27.2
2,Portugal,Pass,65.1,26.8,68.5,3.2
2,Portugal,Pass,68.5,3.2,80.8,2.2
2,Portugal,Pass,88.7,6.0,82.2,7.8
2,Portugal,Pass,82.2,7.8,97.4,3.2
2,Portugal,Pass,100.6,7.1,90.2,12.1
2,Portugal,Pass,89.4,20.8,88.4,25.5
2,Portugal,Pass,88.4,25.5,84.2,19.0
2,Portugal,Pass,80.2,19.3,51.9,33.4
2,Portugal,Pass,51.9,42.6,56.5,70.9
2,Portugal,Pass,52.4,75.2,103.3,75.4
2,South Korea,Pass,16.8,4.7,35.9,3.8
2,South Korea,Pass,35.9,3.8,43.1,3.4
2,South Korea,Pass,39.1,14.6,27.7,48.6
2,South Korea,Pass,27.4,45.8,16.1,37.6
2,South Korea,Pass,16.1,37.6,26.3,6.9
2,South Korea,Pass,27.1,4.4,37.9,3.8
2,South Korea,Pass,37.9,3.8,40.6,13.0
2,South Korea,Pass,40.6,13.0,43.8,30.7
2,South Korea,Pass,45.5,29.7,63.2,45.7
2,South Korea,Pass,64.9,47.8,79.3,46.7
2,Portugal,Pass,27.1,38.4,39.8,27.2
2,Portugal,Pass,40.2,26.2,46.0,8.7
2,Portugal,Pass,46.0,29.7,53.9,35.4
2,Portugal,Pass,57.2,43.2,67.4,67.2
2,Portugal,Pass,81.0,74.0,75.3,66.3
2,Portugal,Pass,75.3,66.3,80.8,74.7
2,Portugal,Pass,77.0,71.9,81.0,56.3
2,Portugal,Pass,78.7,53.1,67.4,50.7
2,Portugal,Pass,65.4,49.8,49.1,49.1
2,Portugal,Pass,52.4,47.4,94.8,7.4
2,Portugal,Pass,117.3,23.8,116.0,25.8
2,Portugal,Pass,101.2,2.4,88.4,18.3
2,Portugal,Pass,88.4,19.0,98.4,22.5
2,Portugal,Pass,92.1,32.0,85.9,50.7
2,Portugal,Pass,88.2,53.1,94.4,66.5
2,Portugal,Pass,98.4,65.8,86.9,61.0
2,Portugal,Pass,86.9,61.0,92.7,58.3
2,Portugal,Pass,81.2,70.9,74.6,70.8
2,Portugal,Pass,74.6,70.8,75.7,58.9
2,Portugal,Pass,75.7,58.9,55.6,70.2
2,Portugal,Pass,56.5,70.2,68.1,73.7
2,Portugal,Pass,68.8,75.7,76.3,72.9
2,Portugal,Pass,76.6,72.9,83.9,75.2
2,South Korea,Pass,38.9,3.7,45.8,2.8
2,Portugal,Pass,90.0,80.0,89.4,65.8
2,Portugal,Pass,85.5,53.4,91.4,20.0
2,Portugal,Pass,120.0,0.1,115.4,32.1
2,South Korea,Pass,98.3,52.3,108.3,44.6
2,Portugal,Pass,60.0,40.0,36.3,46.9
2,Portugal,Pass,36.5,46.4,83.5,57.3
2,Portugal,Pass,75.3,80.0,54.4,38.2
2,Portugal,Pass,54.4,38.2,59.6,35.7
2,Portugal,Pass,68.2,34.7,67.5,44.2
2,Portugal,Pass,63.1,46.9,67.8,36.4
2,Portugal,Pass,79.5,22.1,75.7,15.9
2,Portugal,Pass,76.3,18.6,105.8,30.5
2,Portugal,Pass,85.6,16.9,101.2,26.2
2,Portugal,Pass,101.2,26.9,105.0,31.7
2,Portugal,Pass,69.8,50.7,75.3,54.4
2,Portugal,Pass,75.7,53.8,64.7,33.4
2,Portugal,Pass,67.4,35.4,83.5,4.7
2,Portugal,Pass,86.5,1.6,98.4,2.2
2,Portugal,Pass,97.1,1.9,89.4,5.4
2,Portugal,Pass,79.7,8.4,62.6,29.5
2,Portugal,Pass,62.6,31.0,68.5,50.4
2,Portugal,Pass,73.3,52.1,93.0,35.0
2,Portugal,Pass,80.0,49.1,82.5,40.2
2,Portugal,Pass,82.5,40.2,73.9,40.2
2,Portugal,Pass,72.0,42.2,120.0,64.5
2,South Korea,Pass,7.0,36.1,89.8,41.7
2,Portugal,Pass,30.3,38.4,112.5,39.9
2,South Korea,Pass,16.2,45.7,77.9,67.7
2,Portugal,Pass,42.2,12.4,44.5,21.3
2,Portugal,Pass,44.7,27.5,46.7,59.6
2,South Korea,Pass,38.1,0.1,65.2,3.7
2,South Korea,Pass,26.4,0.1,55.3,3.4
2,South Korea,Pass,56.3,3.7,63.5,15.6
2,Portugal,Pass,55.2,46.4,70.8,67.2
2,Portugal,Pass,70.8,67.2,81.2,60.7
2,Portugal,Pass,74.7,54.5,61.1,25.8
2,South Korea,Pass,77.2,80.0,94.3,76.4
2,South Korea,Pass,94.3,76.4,89.5,78.9
2,South Korea,Pass,88.1,78.2,79.6,76.2
2,South Korea,Pass,79.3,75.4,81.9,72.3
2,Portugal,Pass,38.2,7.8,68.1,12.9
2,Portugal,Pass,58.9,0.1,44.7,13.9
